"method","outcome","n","beta","se","t","p_wcr"
"Pre-WTO placebo (level)","despair_total",226,0.171349634650959,0.0450919663676155,3.80000360272645,0.002000200020002
"Pre-WTO placebo (level)","cancer",226,0.102874663110965,0.0336883969214347,3.05371203476617,0.0187018701870187
"Pre-WTO placebo (level)","cardiovascular",226,0.109699307951148,0.0320047852331101,3.42759081656514,0.008000800080008
"Pre-WTO placebo (level)","respiratory",225,0.178783026121066,0.0447223723808845,3.99761945986306,0.0024002400240024
"Pre-WTO placebo (level)","external_other",226,0.170319807997012,0.0569469631303944,2.99084970706905,0.0031003100310031
