outcome,n,beta,SE_HC1,SE_AKM_simplified,SE_AKM_proper_2019,t_HC1,t_AKM_simplified,t_AKM_proper_2019,tF_cutoff_F19_65,tF_pass_AKM_proper
despair_total,222,-0.06854146507036402,0.03232308899708213,0.018788753505666573,18141390.609501496,-2.120510978284018,-3.6480049115388273,-3.778181427528805e-09,3.84,False
