"outcome","n","beta","se_ehw","se_akm","p_ehw","p_akm","p_akm0"
"despair_total",221,-0.127212387489216,NA,0.0258478073241008,NA,8.58425942329433e-07,NA
"cancer",221,-0.0498773157193744,NA,0.02311595598322,NA,0.0309511050828744,NA
"cardiovascular",221,-0.0697075046091558,NA,0.0217110311703399,NA,0.00132414280084947,NA
"respiratory",219,0.0753822230537175,NA,0.0355304590789615,NA,0.0338694475230203,NA
"external_other",221,-0.0171824043361626,NA,0.0277172170116095,NA,0.535311712700758,NA
