outcome,n,beta_std,se_HC1,t_HC1,p_HC1,se_cluster_sido,t_cluster_sido,p_cluster_sido,se_AKM,t_AKM,se_Conley_5km,t_Conley_5km,se_Conley_10km,t_Conley_10km,WCB_sido_p,tF_cutoff,tF_pass_HC1,tF_pass_cluster,tF_pass_AKM,tF_pass_Conley5,r2
despair_total,210,-0.01581357698435237,0.02456554960161303,-0.6437298265581656,0.5197506451335809,0.034497130061402086,-0.45840268324366373,0.6466631642800488,0.03047212605479057,-0.5189522042511469,0.024669366237549346,-0.641020804185981,0.025400801996537378,-0.6225621138461718,,3.84,False,False,False,False,0.0022966502595549443
cancer,210,0.020830349939394057,0.013168688401465864,1.5818090081830276,0.1136931779506905,0.01372479533509575,1.5177166165916263,0.12908585328121033,0.011399195259543643,1.8273526740367445,0.012751434799773375,1.6335691054754298,0.012892265502435179,1.615724554808422,,3.84,False,False,False,False,0.0067073887123869635
cardiovascular,210,0.023981070249969982,0.012389199831975305,1.9356431872280566,0.052911417101978254,0.01382012433330506,1.7352282563897128,0.08270038347485219,0.012184371474621375,1.9681827905460496,0.012247256071899103,1.958076985504835,0.012314306665704228,1.9474153844778037,,3.84,False,False,False,False,0.004212873903552405
respiratory,187,0.03517272439101694,0.03856864216274414,0.9119513267436847,0.36179434051326176,0.03076054656451921,1.1434362623317935,0.252857503884241,0.024894532278120825,1.412869460573451,0.03907667460938213,0.9000951268911743,0.03934086116060007,0.8940506982659157,,3.84,False,False,False,False,0.004133554332556688
external_other,210,0.0011138494019473644,0.020045363392540406,0.05556643599496267,0.9556872033712273,0.011711830858635018,0.0951046352523213,0.9242317163682421,0.008804038529821633,0.126515734588673,0.019941190750035167,0.05585671467213662,0.020100718945457747,0.055413411080953705,,3.84,False,False,False,False,1.2508168217961746e-05
