method,n,beta_std,se_HC1,p_HC1,se_cluster_sido,p_cluster_sido,r2
Pre-WTO placebo (1992-1996 shock × 1997-1999 mortality),226,0.02377043579481341,0.023287376864387456,0.3073760356398795,0.019403931789287645,0.22056319444327888,0.009275083976201248
