outcome,t_HC1,p_raw,p_RW_adj,RW_sig
despair_total,-0.6437298265581656,0.5197506451335809,0.995,False
cancer,1.5818090081830276,0.1136931779506905,0.799,False
cardiovascular,1.9356431872280566,0.052911417101978254,0.654,False
respiratory,0.9119513267436847,0.36179434051326176,0.981,False
external_other,0.05556643599496267,0.9556872033712273,1.0,False
