period,year_range,n,beta,se,t,p
post_2008,2008-2022,218,-0.08974462491777783,0.02096510666116652,-4.280666269349871,1.8633461070575317e-05
