period,year_range,n,beta,se,t,p
post_2008,2008-2022,206,-0.045817561766428795,0.015357567294586944,-2.983386684073202,0.0028507757591370265
